time,layer_name,a,h,stress_theta,stress_z,rho,pressure,flow_rate,wss
0,artery,0.001,0.00012988938837933385,114652.20857244727,45891.678467305275,1050.0,14892.105247814994,1e-06,5.092958178940651
1.0,artery,0.00104237059557666,0.00012518517974847025,186000.4801643723,46391.54954824531,1060.237346555201,22338.15787172249,1e-06,4.496800852394848
2.0,artery,0.0010424346041447757,0.00012633279412310635,184321.19679136277,45824.52153522188,1080.2084233587254,22338.15787172249,1e-06,4.495972552636661
3.0,artery,0.0010419031331700714,0.00012864006127043465,180924.99897397836,44739.090202469524,1099.8638977931867,22338.15787172249,1e-06,4.502856200195762
4.0,artery,0.0010413803077960416,0.00013090844788397866,177701.48291451845,43705.41789587153,1118.8905700148666,22338.15787172249,1e-06,4.5096415875935625
5.0,artery,0.001040887488255119,0.00013310051001914173,174694.79551675715,42735.9654666305,1137.2854431258138,22338.15787172249,1e-06,4.51605003786214
6.0,artery,0.0010404191931159218,0.00013521670541158888,171875.93437285896,41826.35042758765,1155.0557964363888,22338.15787172249,1e-06,4.522150837427346
7.0,artery,0.0010399856591440653,0.00013725684146014677,169251.65206717182,40972.34789099801,1172.2123532874073,22338.15787172249,1e-06,4.527808579081383
8.0,artery,0.0010395808508847904,0.00013922295987441098,166794.8824539941,40169.831462626375,1188.7685796732917,22338.15787172249,1e-06,4.533099965859164
9.0,artery,0.0010392112455785854,0.00014111593940042562,164506.64689686487,39415.11238465003,1204.7395586889934,22338.15787172249,1e-06,4.537938405890846
10.0,artery,0.0010388647454492017,0.00014293903825003814,162350.8691426501,38704.570640190126,1220.1395325012,22338.15787172249,1e-06,4.542480635558626
11.0,artery,0.0010385493565688213,0.00014469301789685974,160334.40148316536,38035.20003992958,1234.982603197155,22338.15787172249,1e-06,4.546620303027491
12.0,artery,0.001038262806216696,0.00014637984100662288,158443.87430318753,37404.15890943972,1249.2856399074935,22338.15787172249,1e-06,4.550385809922135
13.0,artery,0.0010380014883820902,0.00014800194616761627,156664.4666202496,36808.72531195064,1263.0643858996377,22338.15787172249,1e-06,4.553823366692035
14.0,artery,0.0010377705302613456,0.0001495605534116301,154999.36448094682,36246.56576543843,1276.3359177519899,22338.15787172249,1e-06,4.556864433694633
15.0,artery,0.0010375650475189636,0.00015105826945039253,153432.85788232012,35715.36559840808,1289.1179813135764,22338.15787172249,1e-06,4.559572338478489
16.0,artery,0.0010373845272937604,0.0001524972269394907,151958.5672050264,35213.021806764824,1301.4271197631515,22338.15787172249,1e-06,4.561953051442802
17.0,artery,0.0010372267173309965,0.00015387964231621708,150567.47707790593,34737.61699813675,1313.2794301432643,22338.15787172249,1e-06,4.56403561787099
18.0,artery,0.0010370963939868507,0.0001552067676263981,149264.19568947953,34287.4865666559,1324.6924039311489,22338.15787172249,1e-06,4.565756408150728
19.0,artery,0.0010369871159693496,0.00015648145279996179,148032.82790866948,33860.8901511799,1335.6832781283815,22338.15787172249,1e-06,4.567199982658889
20.0,artery,0.00103690019580619,0.0001577055115273966,146872.41712489468,33456.31575978571,1346.2679498390776,22338.15787172249,1e-06,4.568348642041852
21.0,artery,0.0010368358765124738,0.00015888073875904105,145780.30907999867,33072.38843641085,1356.4631550249073,22338.15787172249,1e-06,4.569198876469983
22.0,artery,0.0010367865901477087,0.00016001005792480252,144740.20018880116,32707.685724073628,1366.2833024188635,22338.15787172249,1e-06,4.569850533938125
23.0,artery,0.0010367592218843238,0.0001610942093814818,143762.11408718373,32361.14731161057,1375.742931825975,22338.15787172249,1e-06,4.570212446825861
24.0,artery,0.0010367500829346296,0.00016213534965997994,142837.26155827273,32031.633335763698,1384.8578219552696,22338.15787172249,1e-06,4.570333307129153
25.0,artery,0.0010367581629152427,0.0001631354120246565,141961.9367701681,31718.06181682805,1393.642328043922,22338.15787172249,1e-06,4.570226451206415
26.0,artery,0.0010367825144271979,0.00016409616116116142,141132.78104494812,31419.459187069056,1402.110275476606,22338.15787172249,1e-06,4.569904428095807
27.0,artery,0.0010368281139074534,0.0001650184868790987,140356.8051078538,31135.005085729128,1410.277094886705,22338.15787172249,1e-06,4.569301504334371
28.0,artery,0.0010368821977648692,0.00016590588364207988,139610.58131841008,30863.621711790427,1418.1554396855074,22338.15787172249,1e-06,4.568586536245256
29.0,artery,0.0010369515396214965,0.00016675886107961482,138904.66519467317,30604.642239170258,1425.7561243044197,22338.15787172249,1e-06,4.5676700813966615
30.0,artery,0.0010370350914414362,0.00016757879431571752,138236.15054313533,30357.386226742143,1433.0920017473381,22338.15787172249,1e-06,4.566566146521863
31.0,artery,0.0010371313335910512,0.00016836734548172835,137601.46348087146,30121.13205619758,1440.175099733151,22338.15787172249,1e-06,4.565294980530744
32.0,artery,0.0010372395316406535,0.00016912597516242342,136998.49481662238,29895.22665101562,1447.0167127945874,22338.15787172249,1e-06,4.563866464339793
33.0,artery,0.0010373589916499073,0.00016985605543344806,136425.3049202517,29679.0682603682,1453.6276792064014,22338.15787172249,1e-06,4.562289951041502
34.0,artery,0.0010374890448529752,0.00017055890244537392,135880.08474863044,29472.094316169037,1460.018396147948,22338.15787172249,1e-06,4.5605744648394255
35.0,artery,0.0010376290921895316,0.00017123577191914153,135361.21931917808,29273.779063337555,1466.1988451358984,22338.15787172249,1e-06,4.5587281111325595
36.0,artery,0.0010377784938624512,0.00017188787765203602,134867.0961854266,29083.628899192583,1472.178593633273,22338.15787172249,1e-06,4.5567595304641655
37.0,artery,0.0010379366475729698,0.00017251638082152717,134396.22857931224,28901.18143416692,1477.9667877951188,22338.15787172249,1e-06,4.554676863980415
38.0,artery,0.0010381029830540888,0.00017312239007550133,133947.23909378445,28726.00381441177,1483.5721713187518,22338.15787172249,1e-06,4.552487823985624
39.0,artery,0.001038276953592828,0.0001737069649086061,133518.83942366973,28557.69037171058,1489.0031001742088,22338.15787172249,1e-06,4.550199804226244
40.0,artery,0.0010384580353730913,0.00017427111747829322,133109.82381000608,28395.860689567777,1494.2675547782883,22338.15787172249,1e-06,4.5478198873211495
41.0,artery,0.0010386457269321529,0.00017481581412030582,132719.06326905754,28240.157902011793,1499.373152333088,22338.15787172249,1e-06,4.545354850950908
42.0,artery,0.001038839548579729,0.00017534197688172569,132345.50027789065,28090.24712197797,1504.3271593049044,22338.15787172249,1e-06,4.542811174768323
43.0,artery,0.001039039041784583,0.00017585048506842804,131988.14386933058,27945.813985966757,1509.1365039569946,22338.15787172249,1e-06,4.540195047938381
44.0,artery,0.0010392437685368227,0.00017634217679654947,131646.06510065708,27806.563305158466,1513.8077888602186,22338.15787172249,1e-06,4.537512377175375
45.0,artery,0.001039453310693096,0.00017681785053885607,131318.39286407272,27672.217814165342,1518.3473033167618,22338.15787172249,1e-06,4.53476879515953
46.0,artery,0.001039667269310946,0.00017727826665825432,131004.31001005857,27542.51700943619,1522.7610356421537,22338.15787172249,1e-06,4.531969669229863
47.0,artery,0.0010398852639777205,0.0001777241489219024,130703.04975747886,27417.216070071532,1527.0546852596522,22338.15787172249,1e-06,4.5291201102633165
48.0,artery,0.0010401069321386417,0.00017815618599045444,130413.8923667088,27296.084854473014,1531.2336745688926,22338.15787172249,1e-06,4.52622498166237
49.0,artery,0.0010403319284279678,0.00017857503287792035,130136.16205427492,27178.90696684723,1535.3031605575811,22338.15787172249,1e-06,4.523288908383958
50.0,artery,0.0010405599240065513,0.00017898131237845862,129869.22412943421,27065.47888811987,1539.2680461310777,22338.15787172249,1e-06,4.520316285952363
51.0,artery,0.0010407906059085687,0.00017937561645715503,129612.48233489305,26955.609166297596,1543.132991139999,22338.15787172249,1e-06,4.517311289407258
52.0,artery,0.0010410236763997128,0.0001797585076024803,129365.37637545196,26849.117661748787,1546.9024230905868,22338.15787172249,1e-06,4.5142778821457785
53.0,artery,0.0010412588523487291,0.00018013052013867773,129127.37961979999,26745.834843265453,1550.5805475266357,22338.15787172249,1e-06,4.511219824624242
54.0,artery,0.00104149586461381,0.00018049216149682097,128897.99696196859,26645.601131120995,1554.171358075224,22338.15787172249,1e-06,4.508140682891082
55.0,artery,0.0010417344280577194,0.00018084391779067476,128676.71778009819,26548.265841155193,1557.6786352738573,22338.15787172249,1e-06,4.505044218189656
56.0,artery,0.0010419743654506545,0.0001811862354224692,128463.20542217071,26453.688789729167,1561.1059808945738,22338.15787172249,1e-06,4.501932779811921
57.0,artery,0.0010422154092289766,0.00018151955414003463,128256.99079725181,26361.736082212126,1564.45682240239,22338.15787172249,1e-06,4.498809878576552
58.0,artery,0.0010424573398139353,0.00018184428712298794,128057.68537490648,26272.281835514783,1567.73439876335,22338.15787172249,1e-06,4.495678391778687
59.0,artery,0.0010426999495407579,0.0001821608248282676,127864.924628442,26185.207811591077,1570.9417819036316,22338.15787172249,1e-06,4.492541032225779
60.0,artery,0.0010429430414160606,0.00018246953752889451,127678.36545633138,26100.402599736663,1574.0818850576761,22338.15787172249,1e-06,4.489400364946959
61.0,artery,0.0010431864286102076,0.0001827707763285403,127497.68484051543,26017.76119626411,1577.1574704444065,22338.15787172249,1e-06,4.486258814354779
62.0,artery,0.0010434299339876052,0.00018306487409559986,127322.5786213708,25937.184620116284,1580.1711566154474,22338.15787172249,1e-06,4.483118670901388
63.0,artery,0.0010436733896558412,0.00018335214635677795,127152.76035308171,25858.579552930612,1583.1254254920643,22338.15787172249,1e-06,4.47998209747476
64.0,artery,0.00104391625651668,0.00018363294900003728,126987.38949793507,25781.85223302355,1586.0224877591868,22338.15787172249,1e-06,4.476856024661685
65.0,artery,0.0010441586568782147,0.00018390750953589695,126826.6299807538,25706.927639549158,1588.8643991448157,22338.15787172249,1e-06,4.473738855814309
66.0,artery,0.0010444006051047784,0.00018417605443553752,126670.48013917843,25633.734517722423,1591.6532557142386,22338.15787172249,1e-06,4.470630386395465
67.0,artery,0.0010446419648335956,0.00018443883661914574,126518.71143276518,25562.199345389636,1594.3910985269404,22338.15787172249,1e-06,4.4675323464307874
68.0,artery,0.0010448826039033206,0.0001846961020853064,126371.10367998606,25492.25121019221,1597.0798605973673,22338.15787172249,1e-06,4.46444640571414
69.0,artery,0.0010451223972799337,0.000184948083806903,126227.44937172599,25423.82320590596,1599.7213709276257,22338.15787172249,1e-06,4.4613741366470085
70.0,artery,0.001045361226797605,0.00018519500222696176,126087.55305112911,25356.852236699655,1602.317359826964,22338.15787172249,1e-06,4.458317018039281
71.0,artery,0.0010456050185943507,0.00018543615640707032,125960.17747776976,25291.370873872256,1604.8717165744529,22338.15787172249,1e-06,4.455199260292359
72.0,artery,0.0010458415323244602,0.00018567381172603981,125827.06561492813,25227.07817031002,1607.385832470365,22338.15787172249,1e-06,4.452177356438765
73.0,artery,0.0010460766501565872,0.00018590723758314673,125697.01472303492,25164.01696330312,1609.8589279768153,22338.15787172249,1e-06,4.449175995988468
74.0,artery,0.0010463104028336412,0.00018613635162624081,125570.0616192282,25102.198848849708,1612.2923376817214,22338.15787172249,1e-06,4.446194735925041
75.0,artery,0.00104654270451984,0.00018636131505057218,125446.06527103561,25041.577967923196,1614.6873791139674,22338.15787172249,1e-06,4.443234619870653
76.0,artery,0.0010467734712188133,0.00018658228670248862,125324.88808000766,24982.109513280433,1617.0452993762449,22338.15787172249,1e-06,4.440296664562623
77.0,artery,0.0010470026237071888,0.00018679941694412283,125206.4002590477,24923.751145473114,1619.3672774237348,22338.15787172249,1e-06,4.43738182272785
78.0,artery,0.0010472300873780305,0.00018701284793576093,125090.47949693176,24866.462887798414,1621.6544276526774,22338.15787172249,1e-06,4.434490985407795
79.0,artery,0.0010474557920125984,0.00018722271406807422,124977.01052358712,24810.206989051505,1623.9078033473727,22338.15787172249,1e-06,4.4316249851789635
80.0,artery,0.0010476796715609919,0.00018742914237690646,124865.88469804244,24754.947793443105,1626.1283999545276,22338.15787172249,1e-06,4.428784599241496
81.0,artery,0.0010479016639334282,0.00018763225293709062,124756.99962079825,24700.651618244094,1628.3171581917836,22338.15787172249,1e-06,4.4259705523543715
82.0,artery,0.0010481217108017707,0.00018783215923614171,124650.25876921852,24647.28663871104,1630.4749669979888,22338.15787172249,1e-06,4.423183519622875
83.0,artery,0.001048339757410887,0.0001880289685287532,124545.57115456289,24594.822779849783,1632.6026663326159,22338.15787172249,1e-06,4.420424129144518
84.0,artery,0.001048555752399374,0.00018822278217300867,124442.85099929874,24543.231614599335,1634.7010498314166,22338.15787172249,1e-06,4.4176929645200325
85.0,artery,0.0010487696476292867,0.00018841369594917084,124342.01743353039,24492.48626804712,1636.7708673251523,22338.15787172249,1e-06,4.414990567234882
86.0,artery,0.0010489813980244158,0.00018860180036189258,124242.9942093317,24442.56132730918,1638.8128272280105,22338.15787172249,1e-06,4.412317438917802
87.0,artery,0.0010491909614167643,0.00018878718092665326,124145.70943195275,24393.432756732644,1640.8275988020187,22338.15787172249,1e-06,4.409674043481548
88.0,artery,0.001049398298400819,0.00018896991844119532,124050.09530685253,24345.077818098882,1642.8158143035266,22338.15787172249,1e-06,4.4070608091517425
89.0,artery,0.001049603372195252,0.00018915008924270385,123956.08790161302,24297.474995526012,1644.7780710175898,22338.15787172249,1e-06,4.404478130389107
90.0,artery,0.0010498061485117048,0.00018932776545143996,123863.62692184861,24250.60392478759,1646.714933185804,22338.15787172249,1e-06,4.401926369710184
91.0,artery,0.001050006595430326,0.00018950301520150498,123772.65550028656,24204.445326782843,1648.626933832938,22338.15787172249,1e-06,4.3994058594113845
92.0,artery,0.0010502046832817063,0.00018967590285939094,123683.11999818575,24158.98094490872,1650.5145764974504,22338.15787172249,1e-06,4.396916903201473
93.0,artery,0.0010504003845349008,0.00018984648923093864,123594.96981840985,24114.19348610023,1652.378336870758,22338.15787172249,1e-06,4.394459777747043
94.0,artery,0.0010505936736912589,0.00019001483175729174,123508.15722942512,24070.066565320114,1654.2186643498933,22338.15787172249,1e-06,4.392034734135095
95.0,artery,0.001050784527183778,0.0001901809847004122,123422.6371995877,24026.58465329201,1656.0359835079685,22338.15787172249,1e-06,4.3896419992568445
96.0,artery,0.0010509729232816701,0.00019034499931869987,123338.36724111471,23983.73302728377,1657.8306954866994,22338.15787172249,1e-06,4.387281777117269
97.0,artery,0.0010511588419998856,0.00019050692403323142,123255.30726314122,23941.497724758447,1659.6031793149623,22338.15787172249,1e-06,4.384954250074043
98.0,artery,0.0010513422650133644,0.00019066680458510078,123173.41943334855,23899.865499723994,1661.353793157265,22338.15787172249,1e-06,4.382659580009334
99.0,artery,0.0010515231755757462,0.00019082468418433378,123092.668047642,23858.823781620013,1663.082875495707,22338.15787172249,1e-06,4.3803979094382495
100.0,artery,0.0010517015584423316,0.0001909806036508111,123013.01940741292,23818.360636592744,1664.7907462489557,22338.15787172249,1e-06,4.3781693625569975
101.0,artery,0.0010518773997970502,0.00019113460154762907,122934.44170391586,23778.464731015287,1666.4777078314792,22338.15787172249,1e-06,4.375974046234274
102.0,artery,0.0010520506871832581,0.00019128671430728838,122856.90490938205,23739.125297121864,1668.144046156213,22338.15787172249,1e-06,4.373812050948485
103.0,artery,0.001052221409438129,0.00019143697635110068,122780.38067441649,23700.332100629737,1669.7900315835782,22338.15787172249,1e-06,4.371683451674142
104.0,artery,0.0010523895566304797,0.0001915854202021628,122704.8422313576,23662.07541023307,1671.415919819723,22338.15787172249,1e-06,4.369588308719795
105.0,artery,0.0010525551200018341,0.0001917320765922487,122630.26430322515,23624.345968857284,1673.0219527666386,22338.15787172249,1e-06,4.36752666852031
106.0,artery,0.001052718091910554,0.00019187697456293982,122556.62301792344,23587.134966570986,1674.608359326702,22338.15787172249,1e-06,4.365498564385926
107.0,artery,0.0010528784657788826,0.00019202014156130258,122483.89582740753,23550.434015057694,1676.1753561640453,22338.15787172249,1e-06,4.363504017210364
108.0,artery,0.0010530362360427355,0.00019216160353040316,122412.06143151205,23514.235123556336,1677.7231484250667,22338.15787172249,1e-06,4.361543036140319
109.0,artery,0.0010531913981041,0.0001923013849949404,122341.09970616295,23478.53067618361,1679.251930420221,22338.15787172249,1e-06,4.359615619208367
110.0,artery,0.001053343948285896,0.00019243950914225416,122270.99163572998,23443.313410557952,1680.7618862691638,22338.15787172249,1e-06,4.357721753931342
111.0,artery,0.001053493883789173,0.00019257599789896055,122201.71924926301,23408.57639764891,1682.2531905111964,22338.15787172249,1e-06,4.355861417876031
112.0,artery,0.0010536412026525134,0.00019271087200344806,122133.26556039677,23374.313022779977,1683.726008682855,22338.15787172249,1e-06,4.354034579194024
113.0,artery,0.0010537859037135211,0.00019284415107445857,122065.6145106997,23340.516967717893,1685.1804978644002,22338.15787172249,1e-06,4.352241197127405
114.0,artery,0.0010539279865722868,0.0001929758536759634,121998.75091627112,23307.182193784967,1686.6168071968525,22338.15787172249,1e-06,4.350481222486911
115.0,artery,0.001054067451556723,0.0001931059973785338,121932.6604174,23274.30292593506,1688.0350783711597,22338.15787172249,1e-06,4.348754598104024
116.0,artery,0.0010542042996896572,0.00019323459881739698,121867.32943109408,23241.873637736782,1689.435446090967,22338.15787172249,1e-06,4.347061259258574
117.0,artery,0.0010543385326576072,0.00019336167374735385,121802.74510633158,23209.88903721177,1690.8180385104058,22338.15787172249,1e-06,4.345401134083015
118.0,artery,0.0010544701527811216,0.00019348723709473038,121738.89528185481,23178.34405347811,1692.1829776482425,22338.15787172249,1e-06,4.343774143944912
119.0,artery,0.001054599162986624,0.0001936113030065219,121675.76844637937,23147.23382415207,1693.5303797796169,22338.15787172249,1e-06,4.342180203808621
120.0,artery,0.0010547255667796621,0.00019373388489688057,121613.35370106171,23116.553683465074,1694.8603558066106,22338.15787172249,1e-06,4.340619222577491
121.0,artery,0.001054849368219491,0.000193854995491093,121551.64072410199,23086.299151053405,1696.1730116087274,22338.15787172249,1e-06,4.339091103417618
122.0,artery,0.0010549705718949207,0.00019397464686717904,121490.61973735763,23056.465921383136,1697.4684483743981,22338.15787172249,1e-06,4.337595744064125
123.0,artery,0.0010550891829013503,0.00019409285049524485,121430.28147484928,23027.04985377231,1698.7467629144803,22338.15787172249,1e-06,4.336133037111075
124.0,artery,0.0010552052068189325,0.00019420961727470686,121370.61715305298,22998.046962977383,1700.0080479587466,22338.15787172249,1e-06,4.334702870285803
125.0,artery,0.0010553186496918016,0.00019432495756950565,121311.61844287059,22969.453410310292,1701.2523924362415,22338.15787172249,1e-06,4.333305126708601
126.0,artery,0.0010554295180083034,0.00019443888124141552,121253.2774431815,22941.26549525644,1702.479881740382,22338.15787172249,1e-06,4.331939685138642
127.0,artery,0.0010555378186821837,0.0001945513976815531,121195.58665589584,22913.479647564513,1703.690597979593,22338.15787172249,1e-06,4.330606420206726
128.0,artery,0.0010556435590346666,0.00019466251584018235,121138.53896240205,22886.09241978137,1704.8846202142622,22338.15787172249,1e-06,4.32930520263583
129.0,artery,0.0010557467467773886,0.00019477224425490722,121082.12760134823,22859.10048020636,1706.0620246807364,22338.15787172249,1e-06,4.328035899449938
130.0,artery,0.0010558473899961321,0.00019488059107733904,121026.34614767061,22832.50060624109,1707.2228850030247,22338.15787172249,1e-06,4.326798374171938
131.0,artery,0.0010559454971353188,0.00019498756409831923,120971.18849279867,22806.289678112516,1708.3672723929026,22338.15787172249,1e-06,4.325592487011124
132.0,artery,0.0010560410769832169,0.00019509317077177855,120916.64882597087,22780.464672947266,1709.4952558389755,22338.15787172249,1e-06,4.324418095040977
133.0,artery,0.001056134138657831,0.00019519741823730065,120862.72161659657,22755.02265917822,1710.606902285324,22338.15787172249,1e-06,4.3232750523676415
134.0,artery,0.0010562250115619131,0.00019530026341043483,120809.84064859984,22729.965778348607,1711.7023980397762,22338.15787172249,1e-06,4.322159282275587
135.0,artery,0.0010563137011598423,0.00019540172623689196,120757.98928377297,22705.288320520143,1712.7820398713488,22338.15787172249,1e-06,4.321070689792789
136.0,artery,0.0010563998349627176,0.00019550189727584805,120706.63277970141,22680.976101769997,1713.8459728194111,22338.15787172249,1e-06,4.32001381750004
137.0,artery,0.0010564834218546684,0.00019560079158980318,120655.76539958858,22657.024533982745,1714.8941995981395,22338.15787172249,1e-06,4.318988525615022
138.0,artery,0.0010565644784770157,0.00019569840802519797,120605.39209097662,22633.432560270572,1715.9267234965641,22338.15787172249,1e-06,4.317994580316886
139.0,artery,0.0010566430214750883,0.00019579474546435437,120555.51757716469,22610.199132823625,1716.9435518606113,22338.15787172249,1e-06,4.31703174890466
140.0,artery,0.0010567129325137004,0.00019589076261844747,120497.76975161118,22587.227368648055,1717.9423697129832,22338.15787172249,1e-06,4.3161749744757945
141.0,artery,0.0010567865493971537,0.00019598428800886726,120449.07183127066,22564.763344423915,1718.923355264671,22338.15787172249,1e-06,4.315273029187751
142.0,artery,0.0010568578181562734,0.0001960762879444233,120401.0477560919,22542.70705874613,1719.8888438650301,22338.15787172249,1e-06,4.314400092232204
143.0,artery,0.0010569266291159593,0.00019616702622376371,120353.5244285244,22521.000439665244,1720.8389069894233,22338.15787172249,1e-06,4.313557483081623
144.0,artery,0.001056992995500274,0.00019625650930502726,120306.50069601939,22499.640907928504,1721.7735597909937,22338.15787172249,1e-06,4.312745016280071
145.0,artery,0.0010570569336366882,0.00019634473721497607,120259.97955731124,22478.62728559575,1722.6928191452585,22338.15787172249,1e-06,4.311962469404325
146.0,artery,0.0010571184598083447,0.000196431710145325,120213.96376264992,22457.958375302314,1723.596704975629,22338.15787172249,1e-06,4.311209621603605
147.0,artery,0.001057177590184224,0.00019651742860305794,120168.45572179477,22437.632927991417,1724.4852400958919,22338.15787172249,1e-06,4.310486254433516
148.0,artery,0.0010572343408295248,0.00019660189339227912,120123.45752405061,22417.649646874932,1725.3584500268216,22338.15787172249,1e-06,4.3097921517081605
149.0,artery,0.0010572887277174058,0.00019668510559315346,120078.97096006098,22398.007191989287,1726.216362824474,22338.15787172249,1e-06,4.309127099336151
150.0,artery,0.0010573407667398178,0.0001967670665422364,120034.9975421741,22378.70418442902,1727.0590089206755,22338.15787172249,1e-06,4.3084908851683
151.0,artery,0.0010573904737175906,0.00019684777781422014,119991.53852365412,22359.739210251624,1727.8864209746778,22338.15787172249,1e-06,4.307883298854888
152.0,artery,0.0010574378644097383,0.0001969272412049915,119948.59491669347,22341.11082408035,1728.6986337352673,22338.15787172249,1e-06,4.307304131712937
153.0,artery,0.0010574829545220755,0.00019700545871591176,119906.16750932123,22322.817552425822,1729.495683913019,22338.15787172249,1e-06,4.306753176602328
154.0,artery,0.0010575257597150755,0.00019708243253929394,119864.2568811564,22304.85789673526,1730.2776100617752,22338.15787172249,1e-06,4.306230227811556
155.0,artery,0.0010575662956111087,0.00019715816504495908,119822.86341818707,22287.230336195462,1731.0444524688032,22338.15787172249,1e-06,4.305735080951384
156.0,artery,0.0010576045778011038,0.00019723265876780562,119781.98732664704,22269.93333030498,1731.796253053111,22338.15787172249,1e-06,4.305267532855909
157.0,artery,0.0010576406218505122,0.00019730591639635493,119741.62864583118,22252.96532122795,1732.5330552713137,22338.15787172249,1e-06,4.304827381492397
158.0,artery,0.001057674443304846,0.0001973779407621665,119701.78726022142,22236.324735949744,1733.2549040306144,22338.15787172249,1e-06,4.304414425876611
159.0,artery,0.0010577060576946026,0.0001974487348301041,119662.46291068027,22220.00998824332,1733.961845608354,22338.15787172249,1e-06,4.304028465995883
160.0,artery,0.0010577354805397171,0.00019751830168937443,119623.65520490176,22204.019480462768,1734.653927577705,22338.15787172249,1e-06,4.303669302738189
161.0,artery,0.0010577656235541035,0.0001975861886966265,119589.25913526214,22188.397029502317,1735.332298687607,22338.15787172249,1e-06,4.303301389848755
162.0,artery,0.0010577898635224603,0.00019765355940602275,119550.30073189024,22173.011348694126,1735.99661909742,22338.15787172249,1e-06,4.303005557464391
163.0,artery,0.0010578094270708128,0.00019772018605394265,119508.4676929547,22157.88888011995,1736.644610543496,22338.15787172249,1e-06,4.302766817390112
164.0,artery,0.0010578302890024115,0.000197784889346597,119471.80481318364,22143.17557611887,1737.2767296519226,22338.15787172249,1e-06,4.3025122521984205
165.0,artery,0.0010578491002965222,0.00019784824505398376,119435.74133904662,22128.807572173835,1737.8943167566952,22338.15787172249,1e-06,4.302282726879179
166.0,artery,0.0010578658067340848,0.00019791040290463268,119400.18013776468,22114.752254232364,1738.4974522841453,22338.15787172249,1e-06,4.302078897578157
167.0,artery,0.0010578804223758188,0.00019797136965690298,119365.11813103777,22101.007353283,1739.0861846928055,22338.15787172249,1e-06,4.301900587892572
168.0,artery,0.0010578929630678058,0.00019803114841472673,119330.55461548628,22087.57138862797,1739.6605627924453,22338.15787172249,1e-06,4.301747600286302
169.0,artery,0.0010579034446936268,0.00019808974229403758,119296.48885768396,22074.44289030089,1740.220636542244,22338.15787172249,1e-06,4.301619737401815
170.0,artery,0.0010579118831324362,0.00019814715451331707,119262.92003997814,22061.620379732805,1740.766457023501,22338.15787172249,1e-06,4.301516802556362
171.0,artery,0.0010579182942617494,0.0001982033883904982,119229.84726779784,22049.102370258115,1741.298076395594,22338.15787172249,1e-06,4.301438599692803
172.0,artery,0.0010579226939595777,0.00019825844733821786,119197.26957603128,22036.887367993084,1741.815547855661,22338.15787172249,1e-06,4.301384933338538
173.0,artery,0.00105792509810697,0.00019831233485939956,119165.18593587226,22024.973872629416,1742.3189256019612,22338.15787172249,1e-06,4.301355608559623
174.0,artery,0.0010579255225897654,0.00019836505454334935,119133.59526053129,22013.360378126104,1742.8082648007157,22338.15787172249,1e-06,4.301350430924671
175.0,artery,0.0010579239832997883,0.0001984166100623078,119102.49641013105,22002.045373307945,1743.283621555854,22338.15787172249,1e-06,4.301369206475689
176.0,artery,0.0010579204961358253,0.0001984670051683439,119071.88819624839,21991.027342390174,1743.7450528813565,22338.15787172249,1e-06,4.301411741701688
177.0,artery,0.0010579150770040967,0.00019851624369060332,119041.76938572233,21980.30476543196,1744.1926166758449,22338.15787172249,1e-06,4.301477843518625
178.0,artery,0.0010579077418184845,0.00019856432953283375,119012.13870408568,21969.876118731423,1744.626371699124,22338.15787172249,1e-06,4.301567319252419
179.0,artery,0.0010578985065003155,0.00019861126667118672,118982.99483835371,21959.739875166248,1745.0463775503702,22338.15787172249,1e-06,4.30167997662753
180.0,artery,0.0010578873869785722,0.0001986570591521273,118954.33644034075,21949.894504500677,1745.45269464794,22338.15787172249,1e-06,4.301815623750452
181.0,artery,0.0010578743991889066,0.00019870171109070416,118926.16212833385,21940.33847363451,1745.8453842104527,22338.15787172249,1e-06,4.301974069107926
182.0,artery,0.0010578595590729047,0.00019874522666891582,118898.47048906701,21931.07024682479,1746.224508238801,22338.15787172249,1e-06,4.302155121562234
183.0,artery,0.0010578428825777028,0.00019878761013412025,118871.26008012905,21922.08828589006,1746.590129499259,22338.15787172249,1e-06,4.302358590342317
184.0,artery,0.0010578243856547086,0.00019882886579770237,118844.5294311388,21913.391050373903,1746.9423115074833,22338.15787172249,1e-06,4.302584285045959
185.0,artery,0.0010578040842583894,0.0001988689980338266,118818.2770449806,21904.976997687598,1747.2811185130518,22338.15787172249,1e-06,4.302832015641269
186.0,artery,0.0010577819943454376,0.00019890801127818694,118792.50139951374,21896.844583245285,1747.6066154847122,22338.15787172249,1e-06,4.303101592463701
187.0,artery,0.0010577581318731845,0.00019894591002695165,118767.20094824597,21888.992260569852,1747.9188680961588,22338.15787172249,1e-06,4.303392826222372
188.0,artery,0.0010577325127981612,0.00019898269883574185,118742.37412117815,21881.41848138812,1748.2179427120982,22338.15787172249,1e-06,4.3037055280047305
189.0,artery,0.0010577051530750944,0.00019901838231857174,118718.01932620199,21874.121695725407,1748.50390637482,22338.15787172249,1e-06,4.304039509276044
190.0,artery,0.0010576760686549383,0.00019905296514699606,118694.1349491802,21867.100351972527,1748.7768267910296,22338.15787172249,1e-06,4.304394581890799
191.0,artery,0.0010576452754835306,0.0001990864520491866,118670.71935484062,21860.352896956058,1749.036772318832,22338.15787172249,1e-06,4.304770558096614
192.0,artery,0.0010576127894999544,0.00019911884780907192,118647.77088724948,21853.87777599985,1749.283811954942,22338.15787172249,1e-06,4.3051672505418965
193.0,artery,0.0010575786266350624,0.00019915015726547613,118625.28787047394,21847.67343298345,1749.518015322089,22338.15787172249,1e-06,4.305584472281655
194.0,artery,0.001057542802809658,0.0001991803853113327,118603.2686087647,21841.738310390254,1749.7394526565147,22338.15787172249,1e-06,4.306022036787647
195.0,artery,0.0010575053339328712,0.00019920953689287727,118581.71138697572,21836.070849356256,1749.9481947954919,22338.15787172249,1e-06,4.306479757956302
196.0,artery,0.0010574662359004805,0.00019923761700885276,118560.61447088422,21830.669489717155,1750.1443131649226,22338.15787172249,1e-06,4.306957450117444
197.0,artery,0.0010574255245931361,0.00019926463070973712,118539.9761073601,21825.532670051936,1750.3278797669295,22338.15787172249,1e-06,4.307454928044385
198.0,artery,0.0010573832158748038,0.0001992905830969373,118519.79452480008,21820.65882772989,1750.4989671674853,22338.15787172249,1e-06,4.307972006961465
199.0,artery,0.0010573393255908791,0.0001993154793220379,118500.06793310451,21816.04639895155,1750.6576484840061,22338.15787172249,1e-06,4.308508502555773
200.0,artery,0.0010572938695665075,0.0001993393245860152,118480.79452389927,21811.693818793574,1750.8039973728846,22338.15787172249,1e-06,4.309064230986521
201.0,artery,0.0010572468636047617,0.00019936212413846548,118461.97247055362,21807.599521252938,1750.9380880169372,22338.15787172249,1e-06,4.309639008896309
202.0,artery,0.001057198323485084,0.00019938388327678393,118443.59992851617,21803.76193929725,1751.0599951128315,22338.15787172249,1e-06,4.31023265341932
203.0,artery,0.0010571482649614032,0.00019940460734539186,118425.6750352018,21800.17950491058,1751.1697938584412,22338.15787172249,1e-06,4.3108449821936405
204.0,artery,0.00105709670376033,0.00019942430173494345,118408.19590996078,21796.850649142507,1751.267559940029,22338.15787172249,1e-06,4.311475813372805
205.0,artery,0.0010570436555796608,0.0001994429718814658,118391.16065442786,21793.773802166063,1751.3533695193933,22338.15787172249,1e-06,4.312124965633704
206.0,artery,0.0010569891360863084,0.00019946062326558497,118374.56735209576,21790.947393327922,1751.4272992208655,22338.15787172249,1e-06,4.312792258191705
207.0,artery,0.0010569331609148814,0.0001994772614116329,118358.41406872077,21788.36985121262,1751.4894261181867,22338.15787172249,1e-06,4.313477510807959
208.0,artery,0.0010568757456657161,0.00019949289188682823,118342.69885198228,21786.039603701334,1751.5398277212698,22338.15787172249,1e-06,4.314180543803611
209.0,artery,0.0010568169059032317,0.00019950752030039272,118327.41973154627,21783.955078038838,1751.578581962775,22338.15787172249,1e-06,4.314901178070208
210.0,artery,0.0010567566571542501,0.00019952115230265267,118312.57471906222,21782.11470090483,1751.6057671845824,22338.15787172249,1e-06,4.315639235080699
211.0,artery,0.0010566950149061838,0.00019953379358415006,118298.16180796053,21780.51689848608,1751.6214621240917,22338.15787172249,1e-06,4.31639453690224
212.0,artery,0.001056631994605305,0.00019954544987472105,118284.17897333635,21779.160096554515,1751.6257459003277,22338.15787172249,1e-06,4.317166906208167
213.0,artery,0.0010565676116551215,0.0001995561269425363,118270.62417195374,21778.04272055223,1751.6186979999038,22338.15787172249,1e-06,4.317956166288824
214.0,artery,0.0010565018814145575,0.00019956583059315645,118257.49534196687,21777.1631956773,1751.6003982627976,22338.15787172249,1e-06,4.318762141064983
215.0,artery,0.0010564348191962605,0.0001995745666685456,118244.7904027911,21776.519946977,1751.5709268679286,22338.15787172249,1e-06,4.319584655099852
216.0,artery,0.0010563664402648595,0.00019958234104607174,118232.5072548836,21776.111399445406,1751.5303643185093,22338.15787172249,1e-06,4.320423533611889
217.0,artery,0.001056296759835264,0.00019958915963747418,118220.64377956145,21775.935978128065,1751.4787914272276,22338.15787172249,1e-06,4.321278602487286
218.0,artery,0.0010562257930708913,0.00019959502838782378,118209.19783870238,21775.992108230224,1751.416289301164,22338.15787172249,1e-06,4.322149688293484
219.0,artery,0.0010561535550819437,0.00019959995327444586,118198.1672744913,21776.278215233157,1751.3429393264942,22338.15787172249,1e-06,4.323036618292299
220.0,artery,0.0010560800609236652,0.0001996039403058216,118187.54990912003,21776.792725016163,1751.258823152933,22338.15787172249,1e-06,4.323939220453427
221.0,artery,0.0010560053255945525,0.00019960699552046818,118177.34354440964,21777.53406398501,1751.1640226779218,22338.15787172249,1e-06,4.324857323468732
222.0,artery,0.0010559295037650364,0.00019960910277103965,118167.7291245999,21778.502874436133,1751.0586729799932,22338.15787172249,1e-06,4.325789039479609
223.0,artery,0.001055852729532038,0.00019961025474955573,118158.85850584393,21779.698262724643,1750.9430041336846,22338.15787172249,1e-06,4.32673273155589
224.0,artery,0.001055774738041044,0.00019961051754241295,118150.3588715406,21781.110840022706,1750.8171810015194,22338.15787172249,1e-06,4.327691666979557
225.0,artery,0.0010556952051114722,0.0001996099598356539,118141.7839121485,21782.731772895782,1750.6811373797461,22338.15787172249,1e-06,4.328669846835142
226.0,artery,0.0010556145005591521,0.0001996085157129522,118133.60176113009,21784.56853248448,1750.5348211640717,22338.15787172249,1e-06,4.329662737907197
227.0,artery,0.0010555326464274717,0.0001996061760218165,118125.82010708051,21786.622760824925,1750.3783138203457,22338.15787172249,1e-06,4.330670082214613
228.0,artery,0.0010554490808069817,0.00019960303849258452,118117.68189108255,21788.883781753742,1750.2114820643328,22338.15787172249,1e-06,4.33169881148188
229.0,artery,0.0010553640528234833,0.00019959904933281164,118109.50060605092,21791.358712738973,1750.0340770474625,22338.15787172249,1e-06,4.332745877532089
230.0,artery,0.0010552786825153676,0.00019959400407480306,118102.72652511793,21794.07115360786,1749.8463591494833,22338.15787172249,1e-06,4.3337974986274626
231.0,artery,0.0010551922253059453,0.00019958804825702931,118096.35330898447,21797.00345203263,1749.6486992104428,22338.15787172249,1e-06,4.334862855431259
232.0,artery,0.0010551046793814346,0.00019958122088837798,118090.35694477265,21800.14720918196,1749.441183887799,22338.15787172249,1e-06,4.335941983615614
233.0,artery,0.0010550160582302828,0.00019957352870818472,118084.73421033133,21803.500788798534,1749.2238922945244,22338.15787172249,1e-06,4.337034730342835
234.0,artery,0.0010549263756734052,0.00019956497760675052,118079.4824199299,21807.062738086912,1748.9969032904423,22338.15787172249,1e-06,4.338140938624785
235.0,artery,0.0010548356454681347,0.0001995555734539651,118074.59888999126,21810.83161409168,1748.760295663273,22338.15787172249,1e-06,4.339260452196882
236.0,artery,0.0010547500131990314,0.000199544346598163,118078.09749240254,21814.90335945757,1748.516467796016,22338.15787172249,1e-06,4.340317416072323
237.0,artery,0.0010546571776575307,0.00019953350569795026,118073.78621356518,21819.027711287767,1748.2653329635805,22338.15787172249,1e-06,4.341463678181041
238.0,artery,0.0010545632196233116,0.00019952207410965864,118069.6775415914,21823.303340471604,1748.0046569197168,22338.15787172249,1e-06,4.342624210988025
239.0,artery,0.0010544682776102003,0.00019950979489458687,118065.93807698786,21827.783910407263,1747.7344685264702,22338.15787172249,1e-06,4.343797317710178
240.0,artery,0.001054372367589583,0.00019949666829765256,118062.56868729091,21832.46918554941,1747.454855661817,22338.15787172249,1e-06,4.344982814223003
241.0,artery,0.0010542755022574922,0.00019948270128106955,118059.56590051024,21837.357527180702,1747.1659070407009,22338.15787172249,1e-06,4.346180556767152
242.0,artery,0.0010541776941812512,0.00019946790091294079,118056.9261648522,21842.44727925038,1746.867710699899,22338.15787172249,1e-06,4.347390403086441
243.0,artery,0.0010540789558796297,0.00019945227419549734,118054.64595876951,21847.736804296364,1746.5603539775414,22338.15787172249,1e-06,4.348612211433171
244.0,artery,0.0010539793625141706,0.00019943581808803143,118052.8036646436,21853.225480222834,1746.2439472197184,22338.15787172249,1e-06,4.349845064369474
245.0,artery,0.001053879277147592,0.00019941848615655607,118051.85276795001,21858.916735729523,1745.9187547747142,22338.15787172249,1e-06,4.351084477252
246.0,artery,0.0010537783189564292,0.00019940036651856048,118051.27028064504,21864.79863195231,1745.58501509713,22338.15787172249,1e-06,4.352335175896827
247.0,artery,0.0010536764931286145,0.00019938148315564878,118051.04267927734,21870.865958808296,1745.2428187451087,22338.15787172249,1e-06,4.353597108657384
248.0,artery,0.0010535738127955498,0.00019936184324004924,118051.16728745747,21877.11703821623,1744.8922523398178,22338.15787172249,1e-06,4.354870125405184
249.0,artery,0.0010534702912254595,0.00019934145350735443,118051.64170978671,21883.55028729001,1744.5334023639,22338.15787172249,1e-06,4.3561540741768905
250.0,artery,0.0010533659416162267,0.00019932032068890933,118052.4635524826,21890.164127458425,1744.166355252143,22338.15787172249,1e-06,4.357448803736594
251.0,artery,0.0010532607770893084,0.0001992984515224717,118053.63041618186,21896.956982127776,1743.7911973841242,22338.15787172249,1e-06,4.35875416364781
252.0,artery,0.0010531548106889948,0.00019927585275171425,118055.13989594928,21903.927276688657,1743.4080150743143,22338.15787172249,1e-06,4.360070004279403
253.0,artery,0.001053048055381831,0.00019925253112543145,118056.9895814795,21911.073438586052,1743.016894562202,22338.15787172249,1e-06,4.361396176809648
254.0,artery,0.0010529405240560675,0.00019922849339674056,118059.17705730832,21918.393897391477,1742.6179220024944,22338.15787172249,1e-06,4.362732533230039
255.0,artery,0.0010528322295211296,0.0001992037463222853,118061.69990302669,21925.8870848759,1742.2111834553991,22338.15787172249,1e-06,4.364078926349005
256.0,artery,0.0010527231845071123,0.00019917829666144058,118064.55569349683,21933.551435083373,1741.7967648769925,22338.15787172249,1e-06,4.3654352097954385
257.0,artery,0.0010526134016642945,0.00019915215117552045,118067.74199907291,21941.38538440523,1741.3747521096825,22338.15787172249,1e-06,4.366801238022104
258.0,artery,0.0010525028935626764,0.0001991253166269898,118071.25638582182,21949.38737165457,1740.9452308727657,22338.15787172249,1e-06,4.368176866308884
259.0,artery,0.0010523916726915346,0.00019909779977867945,118075.09641574479,21957.55583814125,1740.5082867530766,22338.15787172249,1e-06,4.369561950765925
260.0,artery,0.0010522797514590028,0.00019906960739300464,118079.25964700509,21965.889227747248,1740.0640051957337,22338.15787172249,1e-06,4.370956348336586
261.0,artery,0.00105216714219167,0.00019904074623118746,118083.74363415634,21974.38598700242,1739.6124714950115,22338.15787172249,1e-06,4.372359916800293
262.0,artery,0.0010520538571341974,0.000199011223052487,118088.54592836567,21983.044565159827,1739.1537707852763,22338.15787172249,1e-06,4.3737725147752675
263.0,artery,0.0010519399084489602,0.00019898104461342906,118093.66407764985,21991.86341427238,1738.6879880320794,22338.15787172249,1e-06,4.37519400172107
264.0,artery,0.0010518253082157031,0.00019895021766704727,118099.09562710088,22000.84098926817,1738.2152080233138,22338.15787172249,1e-06,4.376624237941073
265.0,artery,0.0010517100684312203,0.00019891874896212433,118104.83811912176,22009.97574802716,1737.7355153605192,22338.15787172249,1e-06,4.378063084584759
266.0,artery,0.00105159420100905,0.00019888664524244317,118110.88909365701,22019.26615145691,1737.2489944502734,22338.15787172249,1e-06,4.3795104036499275
267.0,artery,0.0010514777177791914,0.00019885391324604137,118117.24608842516,22028.710663568898,1736.7557294957282,22338.15787172249,1e-06,4.380966057984741
268.0,artery,0.001051360630487838,0.0001988205597044745,118123.90663915468,22038.30775155413,1736.255804488234,22338.15787172249,1e-06,4.382429911289674
269.0,artery,0.001051242950797129,0.00019878659134208343,118130.8682798161,22048.05588585929,1735.7493031991057,22338.15787172249,1e-06,4.38390182811933
270.0,artery,0.0010511246902849194,0.00019875201487527076,118138.12854285649,22057.95354026214,1735.2363091715088,22338.15787172249,1e-06,4.385381673884137
271.0,artery,0.0010510058604445674,0.00019871683701178392,118145.68495943311,22067.999191946772,1734.716905712443,22338.15787172249,1e-06,4.386869314851927
272.0,artery,0.0010508864726847403,0.00019868106445000287,118153.53505964902,22078.1913215792,1734.1911758848942,22338.15787172249,1e-06,4.38836461814938
273.0,artery,0.0010507665383292341,0.00019864470387824054,118161.67637278508,22088.528413381515,1733.6592025000646,22338.15787172249,1e-06,4.38986745176339
274.0,artery,0.0010506460686168122,0.0001986077619740456,118170.10642753271,22099.00895520688,1733.121068109767,22338.15787172249,1e-06,4.391377684542296
275.0,artery,0.0010505250747010616,0.00019857024540351654,118178.82275222936,22109.6314386133,1732.5768549989252,22338.15787172249,1e-06,4.392895186196983
276.0,artery,0.0010504035676502626,0.0001985321608206227,118187.82287508658,22120.39435893735,1732.0266451782036,22338.15787172249,1e-06,4.394419827301899
277.0,artery,0.0010502815584472777,0.00019849351486653225,118197.10432442788,22131.296215367598,1731.4705203767853,22338.15787172249,1e-06,4.395951479295937
278.0,artery,0.0010501590579894498,0.00019845431416895217,118206.66462890994,22142.335511016947,1730.9085620352496,22338.15787172249,1e-06,4.397490014483275
279.0,artery,0.001050036077088526,0.0001984145653414714,118216.50131776162,22153.510752995353,1730.3408512986134,22338.15787172249,1e-06,4.399035306033983
280.0,artery,0.001049912626470585,0.00019837427498291813,118226.61192100702,22164.82045248113,1729.7674690094718,22338.15787172249,1e-06,4.400587227984677
281.0,artery,0.0010497887167759882,0.0001983334496767212,118236.9939696935,22176.26312479246,1729.1884957012983,22338.15787172249,1e-06,4.402145655238946
282.0,artery,0.001049664358559341,0.0001982920959902839,118247.6449961183,22187.837289457682,1728.604011591852,22338.15787172249,1e-06,4.403710463567753
283.0,artery,0.0010495395622894688,0.0001982502204743636,118258.56253405468,22199.5414702856,1728.0140965767448,22338.15787172249,1e-06,4.405281529609698
284.0,artery,0.0010494143383494082,0.000198207829662464,118269.74411897235,22211.37419543447,1727.418830223107,22338.15787172249,1e-06,4.406858730871204
285.0,artery,0.00104928869703641,0.00019816493007023241,118281.18728826063,22223.333997481117,1726.8182917634192,22338.15787172249,1e-06,4.408441945726602
286.0,artery,0.001049162648561958,0.00019812152819487005,118292.88958144904,22235.41941348867,1726.212560089461,22338.15787172249,1e-06,4.410031053418101
287.0,artery,0.0010490362030518001,0.00019807763051454976,118304.84854042504,22247.628985073963,1725.6017137463823,22338.15787172249,1e-06,4.4116259340556905
288.0,artery,0.0010489093705459895,0.00019803324348784265,118317.06170964874,22259.961258474374,1724.9858309269273,22338.15787172249,1e-06,4.413226468616953
289.0,artery,0.0010487821609989445,0.00019798837355315522,118329.5266363722,22272.41478461364,1724.3649894657815,22338.15787172249,1e-06,4.414832538946749
290.0,artery,0.001048654584279513,0.00019794302712817632,118342.24087084526,22284.988119167014,1723.7392668340426,22338.15787172249,1e-06,4.416444027756877
291.0,artery,0.0010485266501710582,0.0001978972106093315,118355.20196653336,22297.679822625912,1723.1087401338384,22338.15787172249,1e-06,4.4180608186255625
292.0,artery,0.0010483983683715475,0.00019785093037124935,118368.40748032104,22310.488460361506,1722.4734860930726,22338.15787172249,1e-06,4.419682795996939
293.0,artery,0.0010482697484936587,0.0001978041927662368,118381.8549727202,22323.41260268751,1721.8335810602894,22338.15787172249,1e-06,4.421309845180403
294.0,artery,0.0010481408000648951,0.0001977570041237627,118395.54200807503,22336.45082492254,1721.189100999678,22338.15787172249,1e-06,4.422941852349892
295.0,artery,0.0010480115325277124,0.0001977093707499522,118409.46615476215,22349.601707451475,1720.540121486214,22338.15787172249,1e-06,4.424578704543094
296.0,artery,0.0010478819552396557,0.00019766129892709157,118423.62498538967,22362.863835785734,1719.8867177009176,22338.15787172249,1e-06,4.426220289660575
297.0,artery,0.0010477520774735097,0.00019761279491314074,118438.01607699785,22376.235800623235,1719.2289644262448,22338.15787172249,1e-06,4.427866496464792
298.0,artery,0.0010476219084174549,0.00019756386494125693,118452.63701124971,22389.716197907197,1718.566936041603,22338.15787172249,1e-06,4.429517214579095
299.0,artery,0.0010474914571752378,0.00019751451521932703,118467.48537462442,22403.30362888435,1717.9007065190117,22338.15787172249,1e-06,4.431172334486602
300.0,artery,0.0010473607327663493,0.00019746475192951134,118482.5587586079,22416.99670016185,1717.2303494188577,22338.15787172249,1e-06,4.4328317475290175
301.0,artery,0.0010472297441262142,0.00019741458122779382,118497.85475988012,22430.79402376411,1716.555937885807,22338.15787172249,1e-06,4.434495345905362
302.0,artery,0.001047098500106386,0.00019736400924354557,118513.37098049615,22444.694217188,1715.8775446448262,22338.15787172249,1e-06,4.436163022670686
303.0,artery,0.001046967009474755,0.00019731304207909592,118529.10502806993,22458.695903457574,1715.1952419973193,22338.15787172249,1e-06,4.437834671734657
304.0,artery,0.0010468352809157669,0.00019726168580931172,118545.0545159554,22472.797711178253,1714.5091018174091,22338.15787172249,1e-06,4.43951018786006
305.0,artery,0.0010467033230306426,0.00019720994648119014,118561.2170634169,22486.99827458938,1713.8191955483278,22338.15787172249,1e-06,4.441189466661335
306.0,artery,0.001046571144337616,0.00019715783011345716,118577.59029581024,22501.29623361653,1713.1255941989152,22338.15787172249,1e-06,4.442872404602916
307.0,artery,0.00104643875327217,0.00019710534269617698,118594.17184474385,22515.690233922935,1712.4283683402618,22338.15787172249,1e-06,4.4445588989976414
308.0,artery,0.0010463061581872924,0.00019705249019037077,118610.95934825661,22530.178926959758,1711.727588102468,22338.15787172249,1e-06,4.4462488480049505
309.0,artery,0.0010461733673537237,0.00019699927852764732,118627.9504509697,22544.760970015253,1711.0233231714842,22338.15787172249,1e-06,4.447942150629221
310.0,artery,0.0010460403889602338,0.0001969457136098359,118645.14280426424,22559.43502626424,1710.315642786108,22338.15787172249,1e-06,4.449638706717774
311.0,artery,0.0010459072311138837,0.00019689180130863596,118662.534066427,22574.19976481548,1709.6046157350877,22338.15787172249,1e-06,4.451338416959113
312.0,artery,0.0010457739018403097,0.00019683754746527328,118680.12190281102,22589.05386075851,1708.8903103543228,22338.15787172249,1e-06,4.453041182880897
313.0,artery,0.0010456404090840102,0.00019678295789016316,118697.90398599175,22603.99599521007,1708.172794524194,22338.15787172249,1e-06,4.454746906847927
314.0,artery,0.0010455067607086364,0.00019672803836258624,118715.87799591203,22619.024855359083,1707.452135666987,22338.15787172249,1e-06,4.456455492060109
315.0,artery,0.0010453729644972919,0.00019667279463037016,118734.04162002944,22634.139134511344,1706.7284007444453,22338.15787172249,1e-06,4.458166842550339
316.0,artery,0.001045239028152842,0.00019661723240958187,118752.39255346423,22649.337532132922,1706.0016562554183,22338.15787172249,1e-06,4.459880863182281
317.0,artery,0.0010451049592982238,0.00019656135738422846,118770.92849914015,22664.618753892886,1705.2719682336192,22338.15787172249,1e-06,4.461597459648177
318.0,artery,0.0010449707654767632,0.0001965051752059669,118789.64716791607,22679.9815117052,1704.5394022454916,22338.15787172249,1e-06,4.463316538466592
319.0,artery,0.001044836454152499,0.00019644869149382227,118808.54627872555,22695.42452376967,1703.8040233881736,22338.15787172249,1e-06,4.46503800698009
320.0,artery,0.0010447020327105164,0.00019639191183391352,118827.62355871197,22710.946514612377,1703.065896287574,22338.15787172249,1e-06,4.466761773352814
321.0,artery,0.0010445675084572769,0.00019633484177919027,118846.8767433508,22726.546215124763,1702.3250850965396,22338.15787172249,1e-06,4.468487746568145
322.0,artery,0.0010444328886209627,0.00019627748684917522,118866.30357658076,22742.222362602406,1701.5816534931241,22338.15787172249,1e-06,4.470215836426185
323.0,artery,0.0010442981803518185,0.00019621985252971636,118885.901810924,22757.97370078283,1700.8356646789723,22338.15787172249,1e-06,4.471945953541309
324.0,artery,0.0010441633907225052,0.00019616194427274824,118905.66920760761,22773.798979882056,1700.0871813777785,22338.15787172249,1e-06,4.473678009339566
325.0,artery,0.0010440285267284534,0.00019610376749605983,118925.60353668025,22789.696956630985,1699.3362658338465,22338.15787172249,1e-06,4.475411916056124
326.0,artery,0.0010438935952882208,0.00019604532758307042,118945.70257712464,22805.666394310818,1698.5829798107527,22338.15787172249,1e-06,4.477147586732661
327.0,artery,0.0010437586032438623,0.0001959866298826145,118965.96411697312,22821.706062787438,1697.8273845900949,22338.15787172249,1e-06,4.478884935214629
328.0,artery,0.001043623557361291,0.00019592767970873446,118986.38595341073,22837.81473854513,1697.0695409703412,22338.15787172249,1e-06,4.480623876148635
329.0,artery,0.0010434884643306527,0.00019586848234048144,119006.96589287979,22853.99120471944,1696.3095092657447,22338.15787172249,1e-06,4.482364324979681
330.0,artery,0.0010433533307667088,0.00019580904302172032,119027.70175119305,22870.234251129787,1695.54734930538,22338.15787172249,1e-06,4.484106197948287
331.0,artery,0.001043218163209209,0.00019574936696094804,119048.59135362272,22886.542674310396,1694.7831204322433,22338.15787172249,1e-06,4.485849412087783
332.0,artery,0.0010430829681232748,0.00019568945933111563,119069.63253499701,22902.91527754115,1694.016881502443,22338.15787172249,1e-06,4.4875938852214565
333.0,artery,0.0010429477518997896,0.00019562932526945813,119090.82313979887,22919.350870877515,1693.24869088449,22338.15787172249,1e-06,4.489339535959633
334.0,artery,0.001042812520855793,0.00019556896987733304,119112.16102226,22935.848271179486,1692.4786064586272,22338.15787172249,1e-06,4.4910862836967205
335.0,artery,0.001042677281234868,0.0001955083982200627,119133.64404644215,22952.406302140553,1691.706685616315,22338.15787172249,1e-06,4.492834048608327
336.0,artery,0.0010425420392075372,0.00019544761532679146,119155.27008632205,22969.023794314315,1690.9329852597075,22338.15787172249,1e-06,4.494582751648314
337.0,artery,0.001042406800871673,0.00019538662619033792,119177.0370258868,22985.699585142673,1690.1575618012903,22338.15787172249,1e-06,4.496332314545636
338.0,artery,0.0010422715722528855,0.00019532543576706763,119198.9427591966,23002.432518980815,1689.3804711635264,22338.15787172249,1e-06,4.4980826598015025
339.0,artery,0.0010421363593049468,0.00019526404897675907,119220.98519048505,23019.221447123833,1688.6017687786318,22338.15787172249,1e-06,4.499833710686054
340.0,artery,0.0010420011679101754,0.00019520247070248966,119243.16223420567,23036.065227830506,1687.8215095883897,22338.15787172249,1e-06,4.501585391235585
341.0,artery,0.001041866003879872,0.00019514070579051634,119265.47181513572,23052.962726348138,1687.0397480440588,22338.15787172249,1e-06,4.503337626249079
342.0,artery,0.0010417308729547096,0.00019507875905017244,119287.91186842018,23069.912814935342,1686.2565381063396,22338.15787172249,1e-06,4.505090341285357
343.0,artery,0.0010415957808051672,0.00019501663525376363,119310.48033965832,23086.91437288515,1685.4719332454229,22338.15787172249,1e-06,4.506843462659666
344.0,artery,0.0010414607330319326,0.00019495433913647588,119333.17518495537,23103.966286546638,1684.6859864410987,22338.15787172249,1e-06,4.50859691744065
345.0,artery,0.00104132573516634,0.00019489187539628412,119355.99437100711,23121.06744934661,1683.898750182942,22338.15787172249,1e-06,4.510350633446893
346.0,artery,0.0010411907926707598,0.00019482924869387557,119378.93587512043,23138.21676180956,1683.110276470557,22338.15787172249,1e-06,4.5121045392440715
347.0,artery,0.0010410559109390615,0.00019476646365256732,119401.9976853233,23155.4131315783,1682.32061681388,22338.15787172249,1e-06,4.513858564141164
348.0,artery,0.0010409210952970053,0.00019470352485824048,119425.1778003775,23172.65547343296,1681.529822233573,22338.15787172249,1e-06,4.515612638187582
349.0,artery,0.0010407863510026925,0.000194640436859274,119448.47422986527,23189.942709309536,1680.7379432614596,22338.15787172249,1e-06,4.517366692169531
350.0,artery,0.001040651683246969,0.00019457720416648995,119471.88499420871,23207.273768317576,1679.9450299410194,22338.15787172249,1e-06,4.519120657606997
351.0,artery,0.0010405170971538803,0.00019451383125309614,119495.40812475295,23224.647586758016,1679.151131827959,22338.15787172249,1e-06,4.520874466750039
352.0,artery,0.0010403825977810895,0.00019445032255464227,119519.04166379721,23242.06310813939,1678.3562979908288,22338.15787172249,1e-06,4.5226280525755715
353.0,artery,0.0010402481901203033,0.0001943866824689788,119542.78366463368,23259.519283193906,1677.5605770117127,22338.15787172249,1e-06,4.524381348784039
354.0,artery,0.001040113879097719,0.00019432291535622037,119566.63219160803,23277.015069892655,1676.764016986951,22338.15787172249,1e-06,4.52613428979581
355.0,artery,0.0010399796695744526,0.00019425902553871425,119590.58532015627,23294.549433460714,1675.9666655279602,22338.15787172249,1e-06,4.5278868107478125
356.0,artery,0.0010398455663469665,0.00019419501730101992,119614.64113683067,23312.121346390304,1675.1685697620533,22338.15787172249,1e-06,4.529638847490175
357.0,artery,0.0010397115741475225,0.00019413089488988286,119638.79773936448,23329.72978845529,1674.3697763333757,22338.15787172249,1e-06,4.531390336582515
358.0,artery,0.0010395776976446051,0.00019406666251422627,119663.05323668674,23347.373746722813,1673.570331403831,22338.15787172249,1e-06,4.533141215290635
359.0,artery,0.0010394439414433717,0.000194002324345136,119687.40574897557,23365.052215566502,1672.7702806541158,22338.15787172249,1e-06,4.534891421582831
360.0,artery,0.0010393103100860665,0.00019393788451586283,119711.85340765855,23382.764196676857,1671.9696692847695,22338.15787172249,1e-06,4.53664089412669
361.0,artery,0.001039176808052496,0.00019387334712181635,119736.39435549059,23400.50869907297,1671.1685420172844,22338.15787172249,1e-06,4.538389572285067
362.0,artery,0.001039043439760441,0.00019380871622057488,119761.02674654993,23418.284739112314,1670.3669430952768,22338.15787172249,1e-06,4.540137396112873
363.0,artery,0.0010389102095661143,0.0001937439958318941,119785.74874628645,23436.091340500374,1669.5649162856757,22338.15787172249,1e-06,4.541884306353283
364.0,artery,0.0010387771217645783,0.00019367918993772387,119810.55853151993,23453.92753429966,1668.7625048800046,22338.15787172249,1e-06,4.543630244434423
365.0,artery,0.0010386441805902264,0.0001936143024822245,119835.4542905189,23471.792358938084,1667.9597516956624,22338.15787172249,1e-06,4.545375152465245
366.0,artery,0.001038511390217176,0.00019354933737179673,119860.43422295857,23489.684860216432,1667.1566990772837,22338.15787172249,1e-06,4.547118973232528
367.0,artery,0.0010383787547597536,0.0001934842984751051,119885.49654000347,23507.604091315774,1666.3533888981356,22338.15787172249,1e-06,4.548861650196677
368.0,artery,0.0010382462782729041,0.00019341918962311724,119910.63946428412,23525.549112803375,1665.5498625615376,22338.15787172249,1e-06,4.550603127488485
369.0,artery,0.0010381139647526593,0.00019335401460913613,119935.86122995178,23543.51899263922,1664.7461610023604,22338.15787172249,1e-06,4.552343349905132
370.0,artery,0.0010379818181365664,0.00019328877718884638,119961.16008268141,23561.51280618069,1663.9423246885403,22338.15787172249,1e-06,4.554082262906666
371.0,artery,0.0010378498423041285,0.00019322348108036092,119986.53427968413,23579.529636187155,1663.1383936226462,22338.15787172249,1e-06,4.555819812612354
372.0,artery,0.0010377180410772583,0.0001931581299642702,120011.98208974123,23597.568572824093,1662.3344073434869,22338.15787172249,1e-06,4.557555945796803
373.0,artery,0.001037586418220703,0.00019309272748370098,120037.50179319512,23615.628713665967,1661.5304049277497,22338.15787172249,1e-06,4.559290609886481
374.0,artery,0.0010374549774425147,0.00019302727724437039,120063.09168200275,23633.709163699572,1660.7264249916898,22338.15787172249,1e-06,4.561023752955606
375.0,artery,0.0010373237223944595,0.0001929617828146555,120088.75005970494,23651.809035325405,1659.9225056928506,22338.15787172249,1e-06,4.5627553237228415
376.0,artery,0.001037186653034869,0.00019289718918962228,120106.51778512911,23669.83173682017,1659.1164797931851,22338.15787172249,1e-06,4.564564535026003
377.0,artery,0.0010370558397312317,0.00019283137124881042,120132.46718188131,23688.02426636674,1658.3085451944482,22338.15787172249,1e-06,4.566292063280045
378.0,artery,0.0010369253348399346,0.00019276528295432803,120158.64076714961,23706.286974158764,1657.5009413296566,22338.15787172249,1e-06,4.568016387396567
379.0,artery,0.00103679501985443,0.00019269918275106036,120184.86390759204,23724.56165795763,1656.6937521525447,22338.15787172249,1e-06,4.56973906874255
380.0,artery,0.001036664895618749,0.00019263307952860077,120211.13121380242,23742.846215644095,1655.8870036507028,22338.15787172249,1e-06,4.571460092910051
381.0,artery,0.0010365349661050067,0.0001925669754793696,120237.44182897775,23761.14005164741,1655.0807204414536,22338.15787172249,1e-06,4.573179404066706
382.0,artery,0.0010364052352776435,0.00019250087265235233,120263.7949815353,23779.44260266017,1654.2749272666485,22338.15787172249,1e-06,4.574896946377678
383.0,artery,0.001036275707011427,0.00019243477312608898,120290.18986766088,23797.75329866005,1653.4696490015083,22338.15787172249,1e-06,4.576612665092567
384.0,artery,0.0010361463850917902,0.0001923686790095653,120316.62565068284,23816.07156267397,1652.6649106252805,22338.15787172249,1e-06,4.5783265065441485
385.0,artery,0.00103601727321729,0.00019230259243867683,120343.10146348874,23834.39681154281,1651.8607371926216,22338.15787172249,1e-06,4.580038418118987
386.0,artery,0.0010358883750019824,0.00019223651557278193,120369.61641084802,23852.728456670025,1651.0571538067325,22338.15787172249,1e-06,4.581748348229033
387.0,artery,0.001035759693977715,0.00019217045059145258,120396.16957163865,23871.065904728533,1650.2541855941183,22338.15787172249,1e-06,4.58345624628426
388.0,artery,0.0010356312335963308,0.00019210439969141044,120422.76000097896,23889.408558328367,1649.451857680949,22338.15787172249,1e-06,4.585162062666346
389.0,artery,0.001035502997231698,0.0001920383650836604,120449.38673212638,23907.755816644356,1648.650195170856,22338.15787172249,1e-06,4.58686574870462
390.0,artery,0.0010353749881817566,0.00019197234899077275,120476.04877842723,23926.10707601066,1647.849223124148,22338.15787172249,1e-06,4.588567256651666
391.0,artery,0.0010352472096703778,0.00019190635364434475,120502.74513501849,23944.46173047936,1647.0489665383548,22338.15787172249,1e-06,4.590266539661372
392.0,artery,0.0010351196648492435,0.00019184038128260025,120529.47478057296,23962.819172348216,1646.2494503299854,22338.15787172249,1e-06,4.5919635517665975
393.0,artery,0.0010349923567995023,0.00019177443414815248,120556.23667875607,23981.17879265664,1645.4506993174982,22338.15787172249,1e-06,4.593658247859778
394.0,artery,0.0010348652885335125,0.00019170851448588157,120583.02977981139,23999.539981654707,1644.6527382053569,22338.15787172249,1e-06,4.59535058367227
395.0,artery,0.001034738462996435,0.00019164262454095073,120609.8530219529,24017.902129244394,1643.855591569167,22338.15787172249,1e-06,4.597040515755658
396.0,artery,0.001034611883067708,0.00019157676655695563,120636.70533261307,24036.26462539342,1643.0592838417767,22338.15787172249,1e-06,4.59872800146454
397.0,artery,0.0010344855515625798,0.0001915109427741668,120663.58562977298,24054.626860527656,1642.2638393003394,22338.15787172249,1e-06,4.600412998938508
398.0,artery,0.001034359471233486,0.00019144515542789809,120690.49282310058,24072.988225898287,1641.469282054246,22338.15787172249,1e-06,4.602095467086112
399.0,artery,0.0010342336447714334,0.00019137940674696707,120717.42581509947,24091.34811392858,1640.675636033912,22338.15787172249,1e-06,4.603775365568701
400.0,artery,0.0010341080748072623,0.00019131369895226475,120744.38350210675,24109.70591853869,1639.8829249803584,22338.15787172249,1e-06,4.605452654785827
401.0,artery,0.0010339826518181046,0.00019124805175245,120771.21523567602,24128.059250311424,1639.0911315146052,22338.15787172249,1e-06,4.607128794246712
402.0,artery,0.0010338574570293762,0.00019118245065438685,120798.0263364578,24146.409812612234,1638.300228446863,22338.15787172249,1e-06,4.608802695308342
403.0,artery,0.0010337325280184943,0.00019111688692858414,120824.86324358487,24164.75886736111,1637.5102295178729,22338.15787172249,1e-06,4.610473851239338
404.0,artery,0.001033607867685667,0.00019105136166083303,120851.72561990599,24183.106072618015,1636.7211611074545,22338.15787172249,1e-06,4.612142218548426
405.0,artery,0.00103348347816467,0.00019098587741752263,120878.61210045309,24201.450747291063,1635.933049515851,22338.15787172249,1e-06,4.6138077639394695
406.0,artery,0.0010333593805519421,0.00019092043380133602,120905.54671698975,24219.792511917643,1635.1459275602354,22338.15787172249,1e-06,4.615470199978111
407.0,artery,0.001033235539655494,0.0001908550398967748,120932.47812653835,24238.129920279134,1634.3598205608982,22338.15787172249,1e-06,4.6171299932869285
408.0,artery,0.0010331119753519613,0.00019078969539496993,120959.42906016525,24256.46259374114,1633.574746983447,22338.15787172249,1e-06,4.618786872803865
409.0,artery,0.0010329886899695024,0.00019072440198815354,120986.39871655975,24274.790049243627,1632.7907313067817,22338.15787172249,1e-06,4.620440802439342
410.0,artery,0.00103286568544092,0.00019065916207908776,121013.38579502949,24293.1116401701,1632.0077977771743,22338.15787172249,1e-06,4.6220917513578215
411.0,artery,0.0010327429636520892,0.00019059397805460646,121040.38899632865,24311.42672300845,1631.2259702439683,22338.15787172249,1e-06,4.623739689310798
412.0,artery,0.0010326205264516509,0.00019052885226637784,121067.40703603627,24329.734661789407,1630.4452721600896,22338.15787172249,1e-06,4.625384586508291
413.0,artery,0.001032498375651519,0.000190463787030836,121094.4386447081,24348.03482812464,1629.6657265869057,22338.15787172249,1e-06,4.6270264136134305
414.0,artery,0.001032376513027145,0.00019039878462961883,121121.4825676843,24366.326601128363,1628.887356199113,22338.15787172249,1e-06,4.62866514174031
415.0,artery,0.0010322549403177796,0.00019033384731001045,121148.53756488713,24384.60936733753,1628.1101832894826,22338.15787172249,1e-06,4.630300742451854
416.0,artery,0.001032133659226744,0.00019026897728536703,121175.60241063763,24402.882520635467,1627.3342297735146,22338.15787172249,1e-06,4.631933187757538
417.0,artery,0.0010320126714217003,0.00019020417673553346,121202.6758934687,24421.145462177483,1626.5595171939956,22338.15787172249,1e-06,4.6335624501111115
418.0,artery,0.0010318919785349309,0.00019013944780724905,121229.75681595411,24439.397600318545,1625.786066725454,22338.15787172249,1e-06,4.63518850240819
419.0,artery,0.0010317715821636193,0.00019007479261454207,121256.84399453778,24457.638350543333,1625.013899178518,22338.15787172249,1e-06,4.636811317983806
420.0,artery,0.0010316514838701351,0.00019001021323911414,121283.93625937308,24475.867135398392,1624.2430350041998,22338.15787172249,1e-06,4.638430870609891
421.0,artery,0.0010315316851823243,0.00018994571173071601,121311.03245416706,24494.083384425823,1623.4734942980785,22338.15787172249,1e-06,4.64004713449267
422.0,artery,0.001031412187593798,0.00018988129010751335,121338.13143602954,24512.286534099247,1622.7052968044322,22338.15787172249,1e-06,4.641660084270067
423.0,artery,0.0010312929925642303,0.00018981695035644614,121365.23207532939,24530.47602776079,1621.9384619202585,22338.15787172249,1e-06,4.643269695008964
424.0,artery,0.0010311741015196526,0.00018975269443357698,121392.33325555304,24548.651315560433,1621.1730086992711,22338.15787172249,1e-06,4.644875942202502
425.0,artery,0.001031055515852752,0.00018968852426443718,121419.4338731668,24566.811854395713,1620.408955855782,22338.15787172249,1e-06,4.646478801767306
426.0,artery,0.001030937236923175,0.0001896244417443591,121446.53283749236,24584.957107854156,1619.6463217685507,22338.15787172249,1e-06,4.648078250040612
427.0,artery,0.0010308192660578265,0.00018956044873880758,121473.62907057028,24603.086546155846,1618.8851244845584,22338.15787172249,1e-06,4.649674263777477
428.0,artery,0.0010307016045511758,0.0001894965470837014,121500.72150704509,24621.199646097957,1618.1253817227225,22338.15787172249,1e-06,4.651266820147824
429.0,artery,0.0010305842536655605,0.00018943273858573002,121527.80909404007,24639.295891000213,1617.3671108775752,22338.15787172249,1e-06,4.652855896733554
430.0,artery,0.001030467214631493,0.00018936902502266612,121554.89079104166,24657.374770650953,1616.610329022855,22338.15787172249,1e-06,4.654441471525569
431.0,artery,0.0010303504886479667,0.00018930540814366935,121581.96556978823,24675.435781255183,1615.8550529150762,22338.15787172249,1e-06,4.656023522920806
432.0,artery,0.0010302340768827637,0.0001892418896695878,121609.03241415776,24693.478425382724,1615.1012989970352,22338.15787172249,1e-06,4.657602029719213
433.0,artery,0.0010301179804727625,0.00018917847129325347,121636.09032006153,24711.502211917672,1614.349083401276,22338.15787172249,1e-06,4.659176971120735
434.0,artery,0.0010300022005242462,0.00018911515467977347,121663.13829533811,24729.5066560085,1613.598421953512,22338.15787172249,1e-06,4.660748326722256
435.0,artery,0.0010298867381132088,0.00018905194146681735,121690.17535965018,24747.491279018956,1612.8493301759856,22338.15787172249,1e-06,4.662316076514554
436.0,artery,0.0010297715942856674,0.00018898883326489734,121717.20054438767,24765.455608480228,1612.101823290823,22338.15787172249,1e-06,4.663880200879173
437.0,artery,0.0010296567700579654,0.00018892583165764954,121744.21289256556,24783.399178042786,1611.355916223307,22338.15787172249,1e-06,4.665440680585385
438.0,artery,0.0010295422664170833,0.00018886293820210637,121771.21145873105,24801.321527429995,1610.6116236051548,22338.15787172249,1e-06,4.666997496787039
439.0,artery,0.0010294280843209447,0.00018880015442896984,121798.1953088672,24819.22220239129,1609.8689597777188,22338.15787172249,1e-06,4.668550631019465
440.0,artery,0.0010293142246987237,0.0001887374818428774,121825.1635203028,24837.100754656814,1609.1279387951704,22338.15787172249,1e-06,4.670100065196332
441.0,artery,0.0010292006884511493,0.00018867492192266663,121852.11518161811,24854.95674189231,1608.3885744276622,22338.15787172249,1e-06,4.6716457816065375
442.0,artery,0.001029087476450813,0.00018861247612163724,121879.0493925612,24872.789727654046,1607.6508801644263,22338.15787172249,1e-06,4.673187762911035
443.0,artery,0.001028974589542472,0.00018855014586780812,121905.96526395544,24890.599281345094,1606.9148692168737,22338.15787172249,1e-06,4.674725992139712
444.0,artery,0.0010288620285433525,0.00018848793256417423,121932.86191761492,24908.384978171103,1606.18055452163,22338.15787172249,1e-06,4.676260452688231
445.0,artery,0.0010287497942434532,0.00018842583758895716,121959.73848626004,24926.14639909752,1605.4479487435642,22338.15787172249,1e-06,4.6777911283148885
446.0,artery,0.0010286378874058465,0.00018836386229585596,121986.59411343477,24943.88313080641,1604.717064278779,22338.15787172249,1e-06,4.679318003137441
447.0,artery,0.001028526308766978,0.00018830200801429425,122013.42795342018,24961.594765654052,1603.987913257576,22338.15787172249,1e-06,4.680841061629984
448.0,artery,0.0010284150590369673,0.0001882402760496653,122040.23917115826,24979.280901628626,1603.2605075473966,22338.15787172249,1e-06,4.682360288619771
449.0,artery,0.0010283041388999038,0.00018817866768357501,122067.02694216584,24996.941142308366,1602.5348587557085,22338.15787172249,1e-06,4.683875669284091
450.0,artery,0.001028193549014145,0.00018811718417407965,122093.79045245991,25014.57509682054,1601.810978232911,22338.15787172249,1e-06,4.685387189147093
451.0,artery,0.0010280832900126104,0.0001880558267559265,122120.52889847632,25032.182379799706,1601.0888770751812,22338.15787172249,1e-06,4.686894834076675
452.0,artery,0.0010279733625030761,0.0001879945966407885,122147.24148699193,25049.762611347025,1600.3685661273003,22338.15787172249,1e-06,4.688398590281315
453.0,artery,0.0010278637670684658,0.00018793349501749747,122173.92743504953,25067.31541698972,1599.6500559854676,22338.15787172249,1e-06,4.689898444306963
454.0,artery,0.0010277545042671414,0.00018787252305227712,122200.58596987724,25084.840427640487,1598.9333570000772,22338.15787172249,1e-06,4.69139438303391
455.0,artery,0.001027645574633194,0.0001878116818889715,122227.2163288192,25102.33727955757,1598.2184792784683,22338.15787172249,1e-06,4.692886393673643
456.0,artery,0.0010275369786767288,0.00018775097264927282,122253.81775925466,25119.805614304918,1597.5054326876807,22338.15787172249,1e-06,4.694374463765769
457.0,artery,0.0010274287168841514,0.00018769039643294925,122280.38951852814,25137.245078712112,1596.7942268571467,22338.15787172249,1e-06,4.695858581174886
458.0,artery,0.001027320789718453,0.00018762995431806728,122306.93087387196,25154.655324835272,1596.0848711813774,22338.15787172249,1e-06,4.6973387340874915
459.0,artery,0.0010272131976194901,0.00018756964736121382,122333.441102335,25172.036009917974,1595.3773748226608,22338.15787172249,1e-06,4.698814911008911
460.0,artery,0.0010271059410042684,0.00018750947659772023,122359.91949071047,25189.38679635129,1594.6717467136623,22338.15787172249,1e-06,4.700287100760188
461.0,artery,0.001026999020323518,0.00018744944303318662,122386.36541179956,25206.70735252976,1593.967995580355,22338.15787172249,1e-06,4.701755291701802
462.0,artery,0.0010268924376952598,0.00018738954739385978,122412.7805388609,25223.997378186978,1593.2661305718914,22338.15787172249,1e-06,4.703219449287373
463.0,artery,0.0010267861915839774,0.00018732979101615906,122439.1616071708,25241.2565029604,1592.566160525195,22338.15787172249,1e-06,4.704679589155588
464.0,artery,0.0010266802822861984,0.0001872701749201503,122465.50789453772,25258.48439329584,1591.8680933880082,22338.15787172249,1e-06,4.706135701799168
465.0,artery,0.001026574710114629,0.00018721070002722989,122491.8187439354,25275.680739263087,1591.171936879578,22338.15787172249,1e-06,4.707587777494007
466.0,artery,0.0010264694753614138,0.00018715136723744085,122518.09350868105,25292.845236186877,1590.477698510795,22338.15787172249,1e-06,4.7090358068044536
467.0,artery,0.0010263645782974107,0.00018709217743174722,122544.33155089423,25309.977584117136,1589.785385586868,22338.15787172249,1e-06,4.710479780593969
468.0,artery,0.0010262600191724507,0.00018703313147226246,122570.53224141189,25327.07748778587,1589.0950052094818,22338.15787172249,1e-06,4.711919690022222
469.0,artery,0.0010261557982156205,0.00018697423020241878,122596.69495974248,25344.144656577868,1588.4065642789546,22338.15787172249,1e-06,4.713355526541871
470.0,artery,0.001026051915635543,0.00018691547444713697,122622.81909401882,25361.178804501164,1587.7200694963851,22338.15787172249,1e-06,4.7147872818953545
471.0,artery,0.0010259483716206538,0.00018685686501299583,122648.90404095312,25378.17965015741,1587.0355273658015,22338.15787172249,1e-06,4.716214948111714
472.0,artery,0.0010258451663394755,0.00018679840268840295,122674.94920578644,25395.146916711798,1586.3529441963062,22338.15787172249,1e-06,4.717638517503467
473.0,artery,0.0010257422999408895,0.00018674008824376553,122700.95400224227,25412.080331862715,1585.6723261042132,22338.15787172249,1e-06,4.719057982663449
474.0,artery,0.0010256397725544044,0.0001866819224316612,122726.91785247625,25428.979627811263,1584.9936790151687,22338.15787172249,1e-06,4.720473336461734
475.0,artery,0.0010255375842904211,0.00018662390598700806,122752.84018702545,25445.84454123087,1584.3170086663008,22338.15787172249,1e-06,4.721884572042566
476.0,artery,0.0010254357352404953,0.00018656603962723865,122778.72044475666,25462.674813235622,1583.6423206083105,22338.15787172249,1e-06,4.723291682821317
477.0,artery,0.0010253342254775996,0.00018650832405246745,122804.55807281932,25479.470189350104,1582.969620207598,22338.15787172249,1e-06,4.724694662481432
478.0,artery,0.0010252330550563765,0.00018645075994566491,122830.3525265859,25496.230419477524,1582.2989126483699,22338.15787172249,1e-06,4.726093504971501
479.0,artery,0.001025132224013399,0.00018639334797282764,122856.10326960638,25512.955257868372,1581.6302029347178,22338.15787172249,1e-06,4.727488204502198
480.0,artery,0.0010250317323674163,0.00018633608878314848,122881.80977355079,25529.64446308923,1580.9634958927163,22338.15787172249,1e-06,4.728878755543422
481.0,artery,0.0010249315801196081,0.00018627898300918803,122907.47151815647,25546.297797990796,1580.2987961724955,22338.15787172249,1e-06,4.73026515282131
482.0,artery,0.0010248317672538285,0.00018622203126704477,122933.0879911751,25562.91502967622,1579.636108250318,22338.15787172249,1e-06,4.7316473913153665
483.0,artery,0.0010247322937368512,0.00018616523415652616,122958.65868831651,25579.49592946899,1578.975436430611,22338.15787172249,1e-06,4.733025466255576
484.0,artery,0.001024633159518612,0.00018610859226131544,122984.18311319644,25596.040272881655,1578.3167848480425,22338.15787172249,1e-06,4.734399373119542
485.0,artery,0.0010245343645324456,0.00018605210614914462,123009.66077727632,25612.547839582927,1577.6601574695421,22338.15787172249,1e-06,4.73576910762968
486.0,artery,0.0010244359086953258,0.00018599577637196105,123035.09119981476,25629.018413366073,1577.005558096319,22338.15787172249,1e-06,4.737134665750372
487.0,artery,0.001024337791908097,0.00018593960346609527,123060.4739078051,25645.451782116914,1576.3529903658937,22338.15787172249,1e-06,4.738496043685207
488.0,artery,0.0010242400140557065,0.000185883587952431,123085.80843592326,25661.847737781143,1575.7024577540933,22338.15787172249,1e-06,4.739853237874214
489.0,artery,0.0010241425750074362,0.00018582773033657112,123111.09432647009,25678.206076332302,1575.0539635770292,22338.15787172249,1e-06,4.7412062449910914
490.0,artery,0.001024045474617128,0.00018577203110900302,123136.3311293163,25694.52659773983,1574.4075109930964,22338.15787172249,1e-06,4.742555061940505
491.0,artery,0.0010239487127234085,0.00018571649074526715,123161.5184018433,25710.809105936256,1573.7631030049238,22338.15787172249,1e-06,4.743899685855394
492.0,artery,0.0010238522891499132,0.00018566110970612008,123186.65570888988,25727.053408785345,1573.1207424613476,22338.15787172249,1e-06,4.745240114094262
493.0,artery,0.0010237562037055037,0.00018560588843770192,123211.74262268923,25743.25931804919,1572.480432059322,22338.15787172249,1e-06,4.746576344238569
494.0,artery,0.001023660456184491,0.00018555082737169593,123236.7787228207,25759.4266493569,1571.8421743458694,22338.15787172249,1e-06,4.74790837409001
495.0,artery,0.0010235650463668456,0.00018549592692549503,123261.7635961441,25775.55522217159,1571.2059717200068,22338.15787172249,1e-06,4.74923620166799
496.0,artery,0.0010234699740184147,0.00018544118750236474,123286.69683674708,25791.64485975787,1570.5718264346187,22338.15787172249,1e-06,4.750559825206962
497.0,artery,0.0010233752388911334,0.00018538660949160156,123311.57804588755,25807.695389150467,1569.9397405983705,22338.15787172249,1e-06,4.751879243153865
498.0,artery,0.0010232808407232318,0.00018533219326869653,123336.40683193492,25823.706641121316,1569.3097161775654,22338.15787172249,1e-06,4.753194454165588
499.0,artery,0.0010231867792394446,0.00018527793919549307,123361.18281031257,25839.67845014784,1568.6817549980306,22338.15787172249,1e-06,4.754505457106406
500.0,artery,0.0010230930541512144,0.00018522384762034865,123385.90560344054,25855.610654380303,1568.0558587469359,22338.15787172249,1e-06,4.755812251045479
